COD_DEPARTAMENTO,DEPARTAMENTO,COD_MUNICIPIO,MUNICIPIO,INDICE,ipm,saber_punt_global_mean
15,BOYACÁ,15135,CAMPOHERMOSO,"1,83",0.21142715559960357,306.5
25,CUNDINAMARCA,25779,SUSA,"1,53",0.19428256765261168,264.5
19,CAUCA,19622,ROSAS,"0,48",0.22989817415730338,291.7
86,PUTUMAYO,86320,ORITO,"4,14",0.23961087866108785,257.4375
52,NARIÑO,52520,FRANCISCO PIZARRO,"0,04",0.254,223.0
25,CUNDINAMARCA,25785,TABIO,"8,67",0.19428256765261168,280.9259259259259
05,ANTIOQUIA,05674,SAN VICENTE FERRER,"3,36",0.2120180810731992,257.5
68,SANTANDER,68684,SAN JOSÉ DE MIRANDA,"1,74",0.20767434317223482,341.0
05,ANTIOQUIA,05495,NECHÍ,"2,59",0.2120180810731992,231.5
54,NORTE DE SANTANDER,54810,TIBÚ,"2,25",0.26416399286987524,225.36363636363637
23,CÓRDOBA,23162,CERETÉ,"6,12",0.2646156546156546,252.0
25,CUNDINAMARCA,25426,MACHETA,"1,27",0.19428256765261168,227.0
52,NARIÑO,52001,PASTO,"19,64",0.254,295.5458468176915
99,VICHADA,99001,PUERTO CARREÑO,"3,91",0.29431394692264257,233.63636363636363
19,CAUCA,19256,EL TAMBO,"0,70",0.22989817415730338,248.89361702127658
41,HUILA,41359,ISNOS,"1,24",0.22292018170019468,297.84375
23,CÓRDOBA,23574,PUERTO ESCONDIDO,"0,70",0.2646156546156546,216.66666666666666
17,CALDAS,17614,RIOSUCIO,"4,35",0.20705396825396827,289.57142857142856
68,SANTANDER,68167,CHARALÁ,"1,87",0.20767434317223482,279.9
17,CALDAS,17867,VICTORIA,"2,22",0.20705396825396827,210.8695652173913
85,CASANARE,85010,AGUAZUL,"6,54",0.21921489275596923,274.537037037037
05,ANTIOQUIA,05313,GRANADA,"5,87",0.2120180810731992,249.5
15,BOYACÁ,15514,PÁEZ,"2,77",0.21142715559960357,264.44444444444446
73,TOLIMA,73001,IBAGUÉ,"20,82",0.23386718750000002,272.8341277407054
44,LA GUAJIRA,44035,ALBANIA,"3,66",0.31803024846957145,304.43589743589746
25,CUNDINAMARCA,25754,SOACHA,"17,26",0.19428256765261168,258.1138996138996
25,CUNDINAMARCA,25777,SUPATÁ,"1,63",0.19428256765261168,335.0
66,RISARALDA,66383,LA CELIA,"2,70",0.19642344870595574,275.5
20,CESAR,20614,RÍO DE ORO,"0,11",0.261579879560751,291.72727272727275
05,ANTIOQUIA,05240,EBÉJICO,"4,94",0.2120180810731992,329.0
15,BOYACÁ,15806,TIBASOSA,"4,26",0.21142715559960357,282.2647058823529
86,PUTUMAYO,86749,SIBUNDOY,"4,90",0.23961087866108785,299.5833333333333
99,VICHADA,99773,CUMARIBO,"0,10",0.29431394692264257,215.0
05,ANTIOQUIA,05234,DABEIBA,"4,31",0.2120180810731992,239.5
15,BOYACÁ,15681,SAN PABLO DE BORBUR,"1,30",0.21142715559960357,254.0
47,MAGDALENA,47030,ALGARROBO,"1,51",0.2781801670904468,210.0
76,VALLE DEL CAUCA,76892,YUMBO,"15,17",0.19479325699745548,285.8407960199005
25,CUNDINAMARCA,25649,SAN BERNARDO,"0,93",0.19428256765261168,245.66666666666666
70,SUCRE,70429,MAJAGUAL,"0,77",0.2775482487491065,246.5
76,VALLE DEL CAUCA,76377,LA CUMBRE,"1,51",0.19479325699745548,291.75
05,ANTIOQUIA,05306,GIRALDO,"3,57",0.2120180810731992,280.0
15,BOYACÁ,15696,SANTA SOFÍA,"1,51",0.21142715559960357,270.0
08,ATLÁNTICO,08675,SANTA LUCÍA,"0,01",0.2301888,222.33333333333334
19,CAUCA,19698,SANTANDER DE QUILICHAO,"7,34",0.22989817415730338,268.48730964467006
15,BOYACÁ,15238,DUITAMA,"18,09",0.21142715559960357,295.24261603375527
19,CAUCA,19701,SANTA ROSA,"0,79",0.22989817415730338,295.0
44,LA GUAJIRA,44110,EL MOLINO,"0,10",0.31803024846957145,217.5
05,ANTIOQUIA,05893,YONDÓ,"4,90",0.2120180810731992,235.0
73,TOLIMA,73622,RONCESVALLES,"2,03",0.23386718750000002,335.0
15,BOYACÁ,15621,RONDÓN,"1,95",0.21142715559960357,279.1666666666667
13,BOLÍVAR,13670,SAN PABLO,"3,05",0.26594403345127055,248.41666666666666
41,HUILA,41872,VILLAVIEJA,"1,07",0.22292018170019468,223.66666666666666
27,CHOCÓ,27099,BOJAYA,"0,41",0.3020449521002211,182.75
05,ANTIOQUIA,05250,EL BAGRE,"5,52",0.2120180810731992,216.5
05,ANTIOQUIA,05266,ENVIGADO,"31,21",0.2120180810731992,310.8266253869969
15,BOYACÁ,15322,GUATEQUE,"3,94",0.21142715559960357,227.0
15,BOYACÁ,15518,PAJARITO,"2,30",0.21142715559960357,328.0
15,BOYACÁ,15763,SOTAQUIRÁ,"2,19",0.21142715559960357,282.75
68,SANTANDER,68572,PUENTE NACIONAL,"1,04",0.20767434317223482,277.57142857142856
19,CAUCA,19290,FLORENCIA,"3,79",0.22989817415730338,348.8125
73,TOLIMA,73148,CARMEN DE APICALÁ,"5,27",0.23386718750000002,252.42857142857142
68,SANTANDER,68229,CURITÍ,"1,83",0.20767434317223482,279.5
05,ANTIOQUIA,05649,SAN CARLOS,"5,34",0.2120180810731992,211.0
52,NARIÑO,52256,EL ROSARIO,"0,19",0.254,280.0
20,CESAR,20400,LA JAGUA DE IBIRICO,"3,28",0.261579879560751,234.83333333333334
41,HUILA,41791,TARQUI,"1,81",0.22292018170019468,299.36
50,META,50150,CASTILLA LA NUEVA,"3,95",0.21401589825119238,246.57142857142858
50,META,50370,URIBE,"1,71",0.21401589825119238,240.66666666666666
73,TOLIMA,73870,VILLAHERMOSA,"2,18",0.23386718750000002,325.0
47,MAGDALENA,47707,SANTA ANA,"0,07",0.2781801670904468,234.0
23,CÓRDOBA,23580,PUERTO LIBERTADOR,"0,43",0.2646156546156546,238.21428571428572
05,ANTIOQUIA,05480,MUTATÁ,"7,18",0.2120180810731992,205.73333333333332
70,SUCRE,70215,COROZAL,"9,58",0.2775482487491065,256.86
68,SANTANDER,68524,PALMAS DEL SOCORRO,"1,30",0.20767434317223482,308.0
70,SUCRE,70001,SINCELEJO,"13,30",0.2775482487491065,247.56962025316454
05,ANTIOQUIA,05004,ABRIAQUÍ,"2,63",0.2120180810731992,330.0
47,MAGDALENA,47798,TENERIFE,"0,08",0.2781801670904468,232.0
44,LA GUAJIRA,44378,HATONUEVO,"3,49",0.31803024846957145,229.0
52,NARIÑO,52250,EL CHARCO,"0,05",0.254,255.75
15,BOYACÁ,15600,RÁQUIRA,"1,51",0.21142715559960357,304.0
05,ANTIOQUIA,05282,FREDONIA,"8,02",0.2120180810731992,262.0
25,CUNDINAMARCA,25377,LA CALERA,"20,24",0.19428256765261168,282.52777777777777
68,SANTANDER,68773,SUCRE,"0,99",0.20767434317223482,270.3333333333333
25,CUNDINAMARCA,25599,APULO,"4,35",0.19428256765261168,276.5
68,SANTANDER,68615,RIONEGRO,"0,86",0.20767434317223482,288.6
54,NORTE DE SANTANDER,54347,HERRÁN,"0,28",0.26416399286987524,187.0
05,ANTIOQUIA,05789,TÁMESIS,"7,03",0.2120180810731992,203.0
25,CUNDINAMARCA,25740,SIBATÉ,"12,19",0.19428256765261168,256.7307692307692
05,ANTIOQUIA,05376,LA CEJA,"19,12",0.2120180810731992,227.96153846153845
13,BOLÍVAR,13780,TALAIGUA NUEVO,"1,04",0.26594403345127055,195.0
66,RISARALDA,66170,DOSQUEBRADAS,"21,41",0.19642344870595574,278.6933962264151
15,BOYACÁ,15442,MARIPÍ,"0,75",0.21142715559960357,269.85714285714283
68,SANTANDER,68770,SUAITA,"1,45",0.20767434317223482,246.33333333333334
17,CALDAS,17524,PALESTINA,"4,90",0.20705396825396827,273.3333333333333
68,SANTANDER,68425,MACARAVITA,"1,89",0.20767434317223482,285.0
76,VALLE DEL CAUCA,76736,SEVILLA,"9,62",0.19479325699745548,271.7647058823529
15,BOYACÁ,15531,PAUNA,"1,80",0.21142715559960357,266.1818181818182
23,CÓRDOBA,23079,BUENAVISTA,"0,56",0.2646156546156546,244.0
23,CÓRDOBA,23815,TUCHÍN,"0,18",0.2646156546156546,212.8
15,BOYACÁ,15790,TASCO,"1,92",0.21142715559960357,268.1333333333333
17,CALDAS,17442,MARMATO,"1,40",0.20705396825396827,257.0
05,ANTIOQUIA,05148,EL CARMEN DE VIBORAL,"9,52",0.2120180810731992,230.8125
68,SANTANDER,68162,CERRITO,"1,53",0.20767434317223482,244.5
27,CHOCÓ,27025,ALTO BAUDÓ,"0,16",0.3020449521002211,174.5
52,NARIÑO,52036,ANCUYA,"1,16",0.254,275.4107142857143
18,CAQUETA,18756,SOLANO,"0,12",0.24688277668631303,273.0
68,SANTANDER,68406,LEBRIJA,"3,16",0.20767434317223482,298.2758620689655
05,ANTIOQUIA,05790,TARAZÁ,"5,18",0.2120180810731992,238.0
50,META,50251,EL CASTILLO,"1,32",0.21401589825119238,206.0
70,SUCRE,70124,CAIMITO,"0,09",0.2775482487491065,243.5
15,BOYACÁ,15537,PAZ DE RÍO,"5,39",0.21142715559960357,259.53333333333336
85,CASANARE,85325,SAN LUIS DE PALENQUE,"1,23",0.21921489275596923,217.5
05,ANTIOQUIA,05040,ANORÍ,"5,14",0.2120180810731992,213.33333333333334
50,META,50573,PUERTO LÓPEZ,"7,16",0.21401589825119238,246.6818181818182
25,CUNDINAMARCA,25580,PULÍ,"1,23",0.19428256765261168,257.0
76,VALLE DEL CAUCA,76670,SAN PEDRO,"6,14",0.19479325699745548,270.1666666666667
05,ANTIOQUIA,05579,PUERTO BERRÍO,"9,22",0.2120180810731992,226.9375
76,VALLE DEL CAUCA,76895,ZARZAL,"11,92",0.19479325699745548,281.3488372093023
25,CUNDINAMARCA,25001,AGUA DE DIOS,"5,02",0.19428256765261168,249.83333333333334
05,ANTIOQUIA,05237,DONMATÍAS,"12,05",0.2120180810731992,225.75
15,BOYACÁ,15248,EL ESPINO,"3,14",0.21142715559960357,250.0
41,HUILA,41357,IQUIRA,"1,68",0.22292018170019468,260.6
18,CAQUETA,18460,MILÁN,"0,22",0.24688277668631303,240.0
52,NARIÑO,52696,SANTA BÁRBARA,"0,04",0.254,206.0
25,CUNDINAMARCA,25258,EL PEÑÓN,"1,15",0.19428256765261168,220.0
70,SUCRE,70265,GUARANDA,"0,17",0.2775482487491065,275.0
25,CUNDINAMARCA,25815,TOCAIMA,"6,14",0.19428256765261168,218.71428571428572
50,META,50223,SAN LUIS DE CUBARRAL,"2,15",0.21401589825119238,218.2
15,BOYACÁ,15224,CUCAITA,"1,83",0.21142715559960357,276.14285714285717
15,BOYACÁ,15759,SOGAMOSO,"17,00",0.21142715559960357,287.29235382308843
25,CUNDINAMARCA,25596,QUIPILE,"0,37",0.19428256765261168,324.0
27,CHOCÓ,27361,ISTMINA,"6,97",0.3020449521002211,188.0
54,NORTE DE SANTANDER,54239,DURANIA,"2,00",0.26416399286987524,293.0
66,RISARALDA,66318,GUÁTICA,"2,38",0.19642344870595574,313.4
85,CASANARE,85440,VILLANUEVA,"6,43",0.21921489275596923,245.05
17,CALDAS,17272,FILADELFIA,"1,46",0.20705396825396827,309.0
05,ANTIOQUIA,05209,CONCORDIA,"4,14",0.2120180810731992,247.0
52,NARIÑO,52885,YACUANQUER,"2,61",0.254,281.04545454545456
81,ARAUCA,81591,PUERTO RONDÓN,"0,18",0.24664762741652022,190.25
50,META,50711,VISTAHERMOSA,"1,98",0.21401589825119238,235.5
68,SANTANDER,68152,CARCASÍ,"0,91",0.20767434317223482,248.0
47,MAGDALENA,47720,SANTA BÁRBARA DE PINTO,"0,08",0.2781801670904468,221.0
68,SANTANDER,68322,GUAPOTÁ,"1,60",0.20767434317223482,236.0
13,BOLÍVAR,13667,SAN MARTÍN DE LOBA,"1,75",0.26594403345127055,288.0
85,CASANARE,85250,PAZ DE ARIPORO,"5,08",0.21921489275596923,251.8181818181818
15,BOYACÁ,15764,SORACÁ,"1,02",0.21142715559960357,279.6111111111111
66,RISARALDA,66045,APÍA,"1,65",0.19642344870595574,240.66666666666666
23,CÓRDOBA,23555,PLANETA RICA,"6,58",0.2646156546156546,241.57142857142858
23,CÓRDOBA,23350,LA APARTADA,"4,45",0.2646156546156546,238.66666666666666
68,SANTANDER,68250,EL PEÑÓN,"0,64",0.20767434317223482,232.0
52,NARIÑO,52565,PROVIDENCIA,"1,01",0.254,265.53333333333336
05,ANTIOQUIA,05631,SABANETA,"38,17",0.2120180810731992,284.4761904761905
50,META,50287,FUENTE DE ORO,"2,51",0.21401589825119238,223.0
68,SANTANDER,68679,SAN GIL,"13,38",0.20767434317223482,293.04761904761904
05,ANTIOQUIA,05390,LA PINTADA,"11,60",0.2120180810731992,233.28571428571428
68,SANTANDER,68207,CONCEPCIÓN,"1,92",0.20767434317223482,316.0
25,CUNDINAMARCA,25518,PAIME,"1,00",0.19428256765261168,219.0
23,CÓRDOBA,23675,SAN BERNARDO DEL VIENTO,"1,10",0.2646156546156546,252.66666666666666
18,CAQUETA,18247,EL DONCELLO,"1,36",0.24688277668631303,263.22222222222223
52,NARIÑO,52381,LA FLORIDA,"0,91",0.254,278.8095238095238
15,BOYACÁ,15808,TINJACÁ,"1,19",0.21142715559960357,271.93333333333334
54,NORTE DE SANTANDER,54680,SANTIAGO,"0,74",0.26416399286987524,214.875
25,CUNDINAMARCA,25743,SILVANIA,"3,69",0.19428256765261168,253.0
15,BOYACÁ,15693,SANTA ROSA DE VITERBO,"0,51",0.21142715559960357,281.0869565217391
17,CALDAS,17444,MARQUETALIA,"2,52",0.20705396825396827,290.9166666666667
19,CAUCA,19022,ALMAGUER,"0,27",0.22989817415730338,275.6
76,VALLE DEL CAUCA,76041,ANSERMANUEVO,"8,64",0.19479325699745548,272.0
20,CESAR,20295,GAMARRA,"0,13",0.261579879560751,267.3333333333333
23,CÓRDOBA,23300,COTORRA,"1,47",0.2646156546156546,278.0
05,ANTIOQUIA,05690,SANTO DOMINGO,"3,10",0.2120180810731992,240.5
17,CALDAS,17662,SAMANÁ,"1,96",0.20705396825396827,275.44444444444446
76,VALLE DEL CAUCA,76147,CARTAGO,"15,69",0.19479325699745548,277.70183486238534
15,BOYACÁ,15762,SORA,"1,29",0.21142715559960357,275.6
15,BOYACÁ,15842,UMBITA,"1,06",0.21142715559960357,277.8333333333333
76,VALLE DEL CAUCA,76250,EL DOVIO,"2,60",0.19479325699745548,280.0
15,BOYACÁ,15172,CHINAVITA,"3,46",0.21142715559960357,266.0
25,CUNDINAMARCA,25572,PUERTO SALGAR,"8,40",0.19428256765261168,238.2
66,RISARALDA,66594,QUINCHÍA,"1,20",0.19642344870595574,283.44444444444446
76,VALLE DEL CAUCA,76001,CALI,"21,38",0.19479325699745548,291.8859038503372
05,ANTIOQUIA,05113,BURITICÁ,"4,46",0.2120180810731992,263.0
52,NARIÑO,52019,ALBÁN,"11,01",0.254,286.20588235294116
25,CUNDINAMARCA,25873,VILLAPINZÓN,"2,41",0.19428256765261168,277.85714285714283
85,CASANARE,85015,CHAMEZA,"1,76",0.21921489275596923,267.6666666666667
68,SANTANDER,68276,FLORIDABLANCA,"22,27",0.20767434317223482,304.827972027972
63,QUINDÍO,63690,SALENTO,"5,39",0.20098887515451175,276.3333333333333
63,QUINDÍO,63401,LA TEBAIDA,"11,33",0.20098887515451175,248.3181818181818
41,HUILA,41006,ACEVEDO,"0,12",0.22292018170019468,279.60869565217394
68,SANTANDER,68235,EL CARMEN DE CHUCURÍ,"0,57",0.20767434317223482,274.2
76,VALLE DEL CAUCA,76863,VERSALLES,"1,42",0.19479325699745548,276.3333333333333
70,SUCRE,70418,LOS PALMITOS,"2,14",0.2775482487491065,228.0
85,CASANARE,85315,SÁCAMA,"2,97",0.21921489275596923,342.0
17,CALDAS,17050,ARANZAZU,"3,45",0.20705396825396827,331.5
15,BOYACÁ,15572,PUERTO BOYACÁ,"13,33",0.21142715559960357,228.0
25,CUNDINAMARCA,25805,TIBACUY,"0,81",0.19428256765261168,214.0
13,BOLÍVAR,13650,SAN FERNANDO,"0,88",0.26594403345127055,243.0
41,HUILA,41206,COLOMBIA,"0,18",0.22292018170019468,274.15384615384613
05,ANTIOQUIA,05615,RIONEGRO,"23,56",0.2120180810731992,279.0344827586207
52,NARIÑO,52480,NARIÑO,"1,97",0.254,278.0
81,ARAUCA,81794,TAME,"2,21",0.24664762741652022,228.2396694214876
88,"ARCHIPIÉLAGO DE SAN ANDRÉS, PROVIDENCIA Y SANTA CATALINA",88001,SAN ANDRÉS,"7,27",0.163456,232.3684210526316
95,GUAVIARE,95001,SAN JOSÉ DEL GUAVIARE,"4,07",0.24602860748843083,237.94827586206895
20,CESAR,20250,EL PASO,"0,92",0.261579879560751,206.0
41,HUILA,41660,SALADOBLANCO,"0,10",0.22292018170019468,309.8666666666667
25,CUNDINAMARCA,25148,CAPARRAPÍ,"1,47",0.19428256765261168,243.0
41,HUILA,41530,PALESTINA,"0,07",0.22292018170019468,314.5
86,PUTUMAYO,86219,COLÓN,"5,22",0.23961087866108785,270.875
08,ATLÁNTICO,08078,BARANOA,"4,81",0.2301888,221.26666666666668
19,CAUCA,19050,ARGELIA,"0,18",0.22989817415730338,278.7
50,META,50350,LA MACARENA,"1,25",0.21401589825119238,213.5
20,CESAR,20310,GONZÁLEZ,"0,39",0.261579879560751,294.14285714285717
23,CÓRDOBA,23686,SAN PELAYO,"1,92",0.2646156546156546,231.07692307692307
25,CUNDINAMARCA,25183,CHOCONTÁ,"5,51",0.19428256765261168,283.0
44,LA GUAJIRA,44650,SAN JUAN DEL CESAR,"5,51",0.31803024846957145,213.8684210526316
25,CUNDINAMARCA,25178,CHIPAQUE,"4,19",0.19428256765261168,285.57142857142856
52,NARIÑO,52356,IPIALES,"6,41",0.254,288.01518438177874
47,MAGDALENA,47692,SAN SEBASTIÁN DE BUENAVISTA,"0,14",0.2781801670904468,258.25
52,NARIÑO,52612,RICAURTE,"0,72",0.254,275.3142857142857
50,META,50001,VILLAVICENCIO,"17,26",0.21401589825119238,253.24171270718233
70,SUCRE,70221,COVEÑAS,"7,55",0.2775482487491065,234.4
05,ANTIOQUIA,05861,VENECIA,"11,41",0.2120180810731992,229.75
05,ANTIOQUIA,05697,EL SANTUARIO,"8,09",0.2120180810731992,217.28571428571428
68,SANTANDER,68397,LA PAZ,"0,91",0.20767434317223482,338.5
25,CUNDINAMARCA,25488,NILO,"2,09",0.19428256765261168,240.8
19,CAUCA,19532,PATÍA,"2,83",0.22989817415730338,246.08333333333334
15,BOYACÁ,15087,BELÉN,"3,60",0.21142715559960357,289.7
23,CÓRDOBA,23464,MOMIL,"1,81",0.2646156546156546,255.55555555555554
20,CESAR,20045,BECERRIL,"0,22",0.261579879560751,237.25
52,NARIÑO,52110,BUESACO,"0,77",0.254,270.13513513513516
17,CALDAS,17777,SUPÍA,"3,24",0.20705396825396827,283.5833333333333
20,CESAR,20770,SAN MARTÍN,"0,56",0.261579879560751,274.22222222222223
47,MAGDALENA,47058,ARIGUANÍ,"0,14",0.2781801670904468,221.0
25,CUNDINAMARCA,25772,SUESCA,"1,80",0.19428256765261168,284.6
27,CHOCÓ,27077,BAJO BAUDÓ,"0,60",0.3020449521002211,185.0
25,CUNDINAMARCA,25486,NEMOCÓN,"4,05",0.19428256765261168,257.8
15,BOYACÁ,15187,CHIVATÁ,"1,40",0.21142715559960357,295.0
68,SANTANDER,68147,CAPITANEJO,"4,03",0.20767434317223482,289.5
20,CESAR,20013,AGUSTÍN CODAZZI,"7,03",0.261579879560751,244.93939393939394
44,LA GUAJIRA,44090,DIBULLA,"0,55",0.31803024846957145,196.4
25,CUNDINAMARCA,25214,COTA,"21,98",0.19428256765261168,291.7704918032787
73,TOLIMA,73671,SALDAÑA,"2,91",0.23386718750000002,263.0
13,BOLÍVAR,13744,SIMITÍ,"1,76",0.26594403345127055,316.0
54,NORTE DE SANTANDER,54553,PUERTO SANTANDER,"3,41",0.26416399286987524,235.5
19,CAUCA,19821,TORIBIO,"0,06",0.22989817415730338,252.38095238095238
18,CAQUETA,18592,PUERTO RICO,"2,09",0.24688277668631303,238.3
44,LA GUAJIRA,44855,URUMITA,"3,81",0.31803024846957145,233.72727272727272
15,BOYACÁ,15362,IZA,"4,83",0.21142715559960357,266.0
25,CUNDINAMARCA,25099,BOJACÁ,"3,17",0.19428256765261168,273.6666666666667
66,RISARALDA,66687,SANTUARIO,"4,67",0.19642344870595574,284.6
76,VALLE DEL CAUCA,76109,BUENAVENTURA,"8,82",0.19479325699745548,243.0966386554622
73,TOLIMA,73461,MURILLO,"2,72",0.23386718750000002,280.3333333333333
08,ATLÁNTICO,08433,MALAMBO,"26,43",0.2301888,228.6984126984127
52,NARIÑO,52683,SANDONÁ,"2,23",0.254,274.8484848484849
86,PUTUMAYO,86001,MOCOA,"7,09",0.23961087866108785,275.06666666666666
05,ANTIOQUIA,05318,GUARNE,"12,75",0.2120180810731992,239.27272727272728
68,SANTANDER,68020,ALBANIA,"0,78",0.20767434317223482,237.5
97,VAUPÉS,97001,MITÚ,"0,18",0.2978858625162127,248.625
68,SANTANDER,68298,GAMBITA,"1,17",0.20767434317223482,272.25
52,NARIÑO,52573,PUERRES,"1,10",0.254,281.0238095238095
73,TOLIMA,73411,LÍBANO,"5,89",0.23386718750000002,284.3529411764706
76,VALLE DEL CAUCA,76020,ALCALÁ,"7,72",0.19479325699745548,301.0
41,HUILA,41483,NÁTAGA,"0,57",0.22292018170019468,285.09090909090907
08,ATLÁNTICO,08137,CAMPO DE LA CRUZ,"0,60",0.2301888,181.0
25,CUNDINAMARCA,25592,QUEBRADANEGRA,"0,55",0.19428256765261168,201.0
54,NORTE DE SANTANDER,54003,ABREGO,"1,29",0.26416399286987524,253.71428571428572
52,NARIÑO,52560,POTOSÍ,"0,88",0.254,284.7142857142857
68,SANTANDER,68669,SAN ANDRÉS,"1,97",0.20767434317223482,290.85714285714283
05,ANTIOQUIA,05361,ITUANGO,"3,70",0.2120180810731992,187.5
15,BOYACÁ,15664,SAN JOSÉ DE PARE,"1,14",0.21142715559960357,268.0
17,CALDAS,17042,ANSERMA,"4,31",0.20705396825396827,304.75
20,CESAR,20787,TAMALAMEQUE,"0,22",0.261579879560751,210.0
68,SANTANDER,68689,SAN VICENTE DE CHUCURÍ,"2,76",0.20767434317223482,280.0
68,SANTANDER,68211,CONTRATACIÓN,"5,52",0.20767434317223482,318.0
41,HUILA,41801,TERUEL,"0,55",0.22292018170019468,301.0
15,BOYACÁ,15673,SAN MATEO,"3,39",0.21142715559960357,275.9
05,ANTIOQUIA,05411,LIBORINA,"3,98",0.2120180810731992,210.0
25,CUNDINAMARCA,25035,ANAPOIMA,"3,91",0.19428256765261168,223.42857142857142
41,HUILA,41319,GUADALUPE,"1,57",0.22292018170019468,273.0
47,MAGDALENA,47570,PUEBLOVIEJO,"0,04",0.2781801670904468,208.5
15,BOYACÁ,15491,NOBSA,"7,38",0.21142715559960357,286.2040816326531
15,BOYACÁ,15215,CORRALES,"4,68",0.21142715559960357,270.0833333333333
70,SUCRE,70820,SANTIAGO DE TOLÚ,"6,04",0.2775482487491065,282.3333333333333
41,HUILA,41503,OPORAPA,"0,38",0.22292018170019468,289.2142857142857
08,ATLÁNTICO,08436,MANATÍ,"0,08",0.2301888,222.5
23,CÓRDOBA,23672,SAN ANTERO,"4,93",0.2646156546156546,237.2
52,NARIÑO,52678,SAMANIEGO,"1,39",0.254,283.0877192982456
76,VALLE DEL CAUCA,76122,CAICEDONIA,"9,67",0.19479325699745548,283.92857142857144
05,ANTIOQUIA,05686,SANTA ROSA DE OSOS,"10,90",0.2120180810731992,258.2
15,BOYACÁ,15690,SANTA MARÍA,"4,55",0.21142715559960357,268.6666666666667
05,ANTIOQUIA,05400,LA UNIÓN,"9,96",0.2120180810731992,230.0
25,CUNDINAMARCA,25053,ARBELÁEZ,"3,23",0.19428256765261168,264.3333333333333
25,CUNDINAMARCA,25200,COGUA,"6,59",0.19428256765261168,290.8888888888889
68,SANTANDER,68855,VALLE DE SAN JOSÉ,"1,07",0.20767434317223482,304.3333333333333
68,SANTANDER,68418,LOS SANTOS,"0,51",0.20767434317223482,269.1666666666667
68,SANTANDER,68051,ARATOCA,"1,00",0.20767434317223482,272.8333333333333
15,BOYACÁ,15753,SOATÁ,"4,26",0.21142715559960357,276.3636363636364
76,VALLE DEL CAUCA,76275,FLORIDA,"6,80",0.19479325699745548,249.5222222222222
54,NORTE DE SANTANDER,54800,TEORAMA,"4,38",0.26416399286987524,295.0
15,BOYACÁ,15761,SOMONDOCO,"1,20",0.21142715559960357,233.0
15,BOYACÁ,15814,TOCA,"2,11",0.21142715559960357,282.6
68,SANTANDER,68547,PIEDECUESTA,"17,11",0.20767434317223482,288.4193548387097
15,BOYACÁ,15820,TÓPAGA,"2,43",0.21142715559960357,283.6666666666667
23,CÓRDOBA,23500,MOÑITOS,"0,83",0.2646156546156546,218.66666666666666
85,CASANARE,85300,SABANALARGA,"4,06",0.21921489275596923,270.5
68,SANTANDER,68160,CEPITÁ,"1,59",0.20767434317223482,313.3333333333333
15,BOYACÁ,15047,AQUITANIA,"2,91",0.21142715559960357,276.35135135135135
85,CASANARE,85430,TRINIDAD,"2,37",0.21921489275596923,245.5
25,CUNDINAMARCA,25286,FUNZA,"21,75",0.19428256765261168,263.46
05,ANTIOQUIA,05264,ENTRERRIOS,"11,68",0.2120180810731992,242.0
05,ANTIOQUIA,05425,MACEO,"6,57",0.2120180810731992,245.96774193548387
05,ANTIOQUIA,05091,BETANIA,"5,02",0.2120180810731992,243.4
54,NORTE DE SANTANDER,54660,SALAZAR,"0,14",0.26416399286987524,263.25
41,HUILA,41676,SANTA MARÍA,"2,11",0.22292018170019468,276.14285714285717
63,QUINDÍO,63212,CÓRDOBA,"3,81",0.20098887515451175,342.0
85,CASANARE,85125,HATO COROZAL,"1,71",0.21921489275596923,238.0
23,CÓRDOBA,23670,SAN ANDRÉS DE SOTAVENTO,"1,63",0.2646156546156546,217.25
76,VALLE DEL CAUCA,76869,VIJES,"1,73",0.19479325699745548,252.28571428571428
25,CUNDINAMARCA,25290,FUSAGASUGÁ,"19,04",0.19428256765261168,253.59459459459458
73,TOLIMA,73217,COYAIMA,"2,34",0.23386718750000002,211.8
25,CUNDINAMARCA,25658,SAN FRANCISCO,"8,06",0.19428256765261168,227.6
08,ATLÁNTICO,08520,PALMAR DE VARELA,"2,97",0.2301888,206.42857142857142
08,ATLÁNTICO,08560,PONEDERA,"0,96",0.2301888,194.0
47,MAGDALENA,47460,NUEVA GRANADA,"0,06",0.2781801670904468,208.83333333333334
15,BOYACÁ,15839,TUTAZÁ,"1,23",0.21142715559960357,267.3333333333333
47,MAGDALENA,47001,SANTA MARTA,"14,98",0.2781801670904468,264.6391184573003
13,BOLÍVAR,13657,SAN JUAN NEPOMUCENO,"4,87",0.26594403345127055,250.6
41,HUILA,41298,GARZÓN,"8,34",0.22292018170019468,268.46153846153845
70,SUCRE,70823,SAN JOSÉ DE TOLUVIEJO,"2,25",0.2775482487491065,259.77777777777777
68,SANTANDER,68307,GIRÓN,"16,38",0.20767434317223482,285.8877192982456
68,SANTANDER,68001,BUCARAMANGA,"24,13",0.20767434317223482,302.11744966442956
25,CUNDINAMARCA,25086,BELTRÁN,"2,46",0.19428256765261168,188.0
25,CUNDINAMARCA,25781,SUTATAUSA,"1,27",0.19428256765261168,325.0
25,CUNDINAMARCA,25407,LENGUAZAQUE,"1,01",0.19428256765261168,262.3333333333333
52,NARIÑO,52079,BARBACOAS,"0,14",0.254,272.4
52,NARIÑO,52287,FUNES,"1,94",0.254,300.93333333333334
44,LA GUAJIRA,44098,DISTRACCIÓN,"2,07",0.31803024846957145,235.57142857142858
54,NORTE DE SANTANDER,54128,CACHIRÁ,"0,12",0.26416399286987524,317.75
76,VALLE DEL CAUCA,76834,TULUÁ,"16,85",0.19479325699745548,270.9718309859155
52,NARIÑO,52427,MAGÜI,"0,04",0.254,191.5
25,CUNDINAMARCA,25769,SUBACHOQUE,"6,48",0.19428256765261168,236.11111111111111
05,ANTIOQUIA,05658,SAN JOSÉ DE LA MONTAÑA,"10,18",0.2120180810731992,224.0
63,QUINDÍO,63470,MONTENEGRO,"9,24",0.20098887515451175,255.2173913043478
73,TOLIMA,73678,SAN LUIS,"2,55",0.23386718750000002,236.0
13,BOLÍVAR,13188,CICUCO,"1,51",0.26594403345127055,257.75
23,CÓRDOBA,23570,PUEBLO NUEVO,"2,94",0.2646156546156546,279.25
05,ANTIOQUIA,05310,GÓMEZ PLATA,"8,07",0.2120180810731992,219.0
47,MAGDALENA,47318,GUAMAL,"0,12",0.2781801670904468,269.0
86,PUTUMAYO,86755,SAN FRANCISCO,"4,15",0.23961087866108785,281.93333333333334
68,SANTANDER,68176,CHIMA,"0,90",0.20767434317223482,350.0
81,ARAUCA,81065,ARAUQUITA,"1,76",0.24664762741652022,253.92
15,BOYACÁ,15299,GARAGOA,"3,04",0.21142715559960357,265.75
76,VALLE DEL CAUCA,76248,EL CERRITO,"9,40",0.19479325699745548,271.46666666666664
68,SANTANDER,68370,JORDÁN,"1,14",0.20767434317223482,277.0
25,CUNDINAMARCA,25489,NIMAIMA,"1,42",0.19428256765261168,235.0
25,CUNDINAMARCA,25807,TIBIRITA,"1,80",0.19428256765261168,275.0
68,SANTANDER,68682,SAN JOAQUÍN,"1,96",0.20767434317223482,311.5
15,BOYACÁ,15367,JENESANO,"2,39",0.21142715559960357,285.85714285714283
68,SANTANDER,68264,ENCINO,"1,37",0.20767434317223482,328.0
25,CUNDINAMARCA,25123,CACHIPAY,"1,18",0.19428256765261168,274.0
85,CASANARE,85139,MANÍ,"5,55",0.21921489275596923,272.8181818181818
25,CUNDINAMARCA,25120,CABRERA,"1,95",0.19428256765261168,292.1666666666667
76,VALLE DEL CAUCA,76111,GUADALAJARA DE BUGA,"17,02",0.19479325699745548,276.15677966101697
52,NARIÑO,52240,CHACHAGÜÍ,"0,97",0.254,280.88
44,LA GUAJIRA,44874,VILLANUEVA,"5,02",0.31803024846957145,259.64285714285717
13,BOLÍVAR,13212,CÓRDOBA,"0,98",0.26594403345127055,328.0
05,ANTIOQUIA,05543,PEQUE,"2,74",0.2120180810731992,228.0
05,ANTIOQUIA,05284,FRONTINO,"5,55",0.2120180810731992,240.0
41,HUILA,41797,TESALIA,"5,97",0.22292018170019468,295.6
17,CALDAS,17088,BELALCÁZAR,"1,50",0.20705396825396827,296.0
17,CALDAS,17877,VITERBO,"8,03",0.20705396825396827,211.35294117647058
05,ANTIOQUIA,05321,GUATAPE,"13,73",0.2120180810731992,272.0
05,ANTIOQUIA,05736,SEGOVIA,"17,20",0.2120180810731992,247.75
25,CUNDINAMARCA,25151,CAQUEZA,"5,82",0.19428256765261168,226.33333333333334
68,SANTANDER,68755,SOCORRO,"12,36",0.20767434317223482,298.1162790697674
76,VALLE DEL CAUCA,76113,BUGALAGRANDE,"8,15",0.19479325699745548,255.08333333333334
18,CAQUETA,18479,MORELIA,"0,87",0.24688277668631303,238.5
70,SUCRE,70233,EL ROBLE,"0,18",0.2775482487491065,305.0
25,CUNDINAMARCA,25269,FACATATIVÁ,"12,92",0.19428256765261168,260.7235772357724
13,BOLÍVAR,13442,MARÍA LA BAJA,"0,98",0.26594403345127055,192.0
52,NARIÑO,52693,SAN PABLO,"2,38",0.254,289.2448979591837
05,ANTIOQUIA,05172,CHIGORODÓ,"10,44",0.2120180810731992,219.14285714285714
13,BOLÍVAR,13655,SAN JACINTO DEL CAUCA,"0,99",0.26594403345127055,268.0
47,MAGDALENA,47703,SAN ZENÓN,"0,05",0.2781801670904468,264.0
08,ATLÁNTICO,08558,POLONUEVO,"0,20",0.2301888,185.5
19,CAUCA,19364,JAMBALÓ,"0,27",0.22989817415730338,241.85714285714286
70,SUCRE,70670,SAMPUÉS,"3,73",0.2775482487491065,269.6363636363636
23,CÓRDOBA,23660,SAHAGÚN,"5,77",0.2646156546156546,237.44897959183675
73,TOLIMA,73236,DOLORES,"2,44",0.23386718750000002,260.125
76,VALLE DEL CAUCA,76563,PRADERA,"7,97",0.19479325699745548,253.75675675675674
19,CAUCA,19780,SUÁREZ,"0,09",0.22989817415730338,300.5
68,SANTANDER,68255,EL PLAYÓN,"2,20",0.20767434317223482,216.0
05,ANTIOQUIA,05837,TURBO,"8,44",0.2120180810731992,223.45238095238096
05,ANTIOQUIA,05847,URRAO,"5,23",0.2120180810731992,216.55555555555554
73,TOLIMA,73624,ROVIRA,"1,67",0.23386718750000002,262.5
54,NORTE DE SANTANDER,54398,LA PLAYA,"3,69",0.26416399286987524,262.75
20,CESAR,20710,SAN ALBERTO,"3,88",0.261579879560751,296.94444444444446
63,QUINDÍO,63001,ARMENIA,"24,60",0.20098887515451175,284.89935760171306
50,META,50689,SAN MARTÍN,"6,59",0.21401589825119238,253.70833333333334
47,MAGDALENA,47660,SABANAS DE SAN ANGEL,"1,53",0.2781801670904468,246.6
50,META,50330,MESETAS,"1,93",0.21401589825119238,249.4
25,CUNDINAMARCA,25843,VILLA DE SAN DIEGO DE UBATE,"6,72",0.19428256765261168,269.3333333333333
66,RISARALDA,66440,MARSELLA,"3,21",0.19642344870595574,270.0
76,VALLE DEL CAUCA,76400,LA UNIÓN,"8,14",0.19479325699745548,277.1818181818182
54,NORTE DE SANTANDER,54223,CUCUTILLA,"0,99",0.26416399286987524,345.0
05,ANTIOQUIA,05887,YARUMAL,"10,83",0.2120180810731992,238.71428571428572
68,SANTANDER,68344,HATO,"1,50",0.20767434317223482,291.0
27,CHOCÓ,27660,SAN JOSÉ DEL PALMAR,"1,04",0.3020449521002211,176.0
19,CAUCA,19397,LA VEGA,"0,19",0.22989817415730338,286.6666666666667
73,TOLIMA,73483,NATAGAIMA,"4,31",0.23386718750000002,249.4
05,ANTIOQUIA,05154,CAUCASIA,"11,64",0.2120180810731992,235.29577464788733
25,CUNDINAMARCA,25335,GUAYABETAL,"3,26",0.19428256765261168,243.33333333333334
19,CAUCA,19300,GUACHENÉ,"0,03",0.22989817415730338,227.41666666666666
23,CÓRDOBA,23855,VALENCIA,"2,38",0.2646156546156546,243.33333333333334
15,BOYACÁ,15244,EL COCUY,"3,51",0.21142715559960357,254.0
70,SUCRE,70523,PALMITO,"0,24",0.2775482487491065,247.66666666666666
15,BOYACÁ,15104,BOYACÁ,"1,40",0.21142715559960357,275.1111111111111
76,VALLE DEL CAUCA,76828,TRUJILLO,"4,29",0.19479325699745548,251.0
27,CHOCÓ,27413,LLORÓ,"0,36",0.3020449521002211,164.0
73,TOLIMA,73352,ICONONZO,"3,06",0.23386718750000002,222.0
17,CALDAS,17495,NORCASIA,"4,82",0.20705396825396827,265.25
54,NORTE DE SANTANDER,54001,SAN JOSÉ DE CÚCUTA,"13,90",0.26416399286987524,258.7784503631961
52,NARIÑO,52585,PUPIALES,"2,18",0.254,280.48387096774195
41,HUILA,41668,SAN AGUSTÍN,"2,51",0.22292018170019468,307.0
47,MAGDALENA,47205,CONCORDIA,"0,10",0.2781801670904468,216.25
73,TOLIMA,73675,SAN ANTONIO,"2,63",0.23386718750000002,325.0
20,CESAR,20238,EL COPEY,"0,09",0.261579879560751,237.71428571428572
05,ANTIOQUIA,05664,SAN PEDRO DE LOS MILAGROS,"12,83",0.2120180810731992,228.4
18,CAQUETA,18205,CURILLO,"0,17",0.24688277668631303,233.11111111111111
52,NARIÑO,52687,SAN LORENZO,"0,51",0.254,306.52941176470586
70,SUCRE,70742,SAN LUIS DE SINCÉ,"2,22",0.2775482487491065,242.83333333333334
05,ANTIOQUIA,05483,NARIÑO,"2,87",0.2120180810731992,252.0
05,ANTIOQUIA,05761,SOPETRÁN,"8,30",0.2120180810731992,294.0
18,CAQUETA,18256,EL PAUJIL,"1,51",0.24688277668631303,216.3913043478261
25,CUNDINAMARCA,25718,SASAIMA,"3,05",0.19428256765261168,250.0
08,ATLÁNTICO,08685,SANTO TOMÁS,"6,39",0.2301888,234.73333333333332
41,HUILA,41016,AIPE,"2,51",0.22292018170019468,295.4166666666667
23,CÓRDOBA,23807,TIERRALTA,"3,31",0.2646156546156546,227.44444444444446
68,SANTANDER,68575,PUERTO WILCHES,"4,92",0.20767434317223482,204.68
08,ATLÁNTICO,08549,PIOJÓ,"0,21",0.2301888,177.0
52,NARIÑO,52418,LOS ANDES,"0,19",0.254,289.19607843137254
86,PUTUMAYO,86760,SANTIAGO,"2,11",0.23961087866108785,268.47058823529414
13,BOLÍVAR,13468,SANTA CRUZ DE MOMPOX,"3,00",0.26594403345127055,243.44444444444446
47,MAGDALENA,47189,CIÉNAGA,"5,16",0.2781801670904468,210.0
15,BOYACÁ,15599,RAMIRIQUÍ,"4,69",0.21142715559960357,279.75
19,CAUCA,19845,VILLA RICA,"0,39",0.22989817415730338,248.85
25,CUNDINAMARCA,25295,GACHANCIPÁ,"4,61",0.19428256765261168,243.0
15,BOYACÁ,15466,MONGUÍ,"3,92",0.21142715559960357,277.0
52,NARIÑO,52405,LEIVA,"0,43",0.254,293.14285714285717
52,NARIÑO,52435,MALLAMA,"0,71",0.254,321.38461538461536
86,PUTUMAYO,86573,PUERTO LEGUÍZAMO,"0,85",0.23961087866108785,235.66666666666666
13,BOLÍVAR,13688,SANTA ROSA DEL SUR,"2,86",0.26594403345127055,287.1923076923077
17,CALDAS,17433,MANZANARES,"4,31",0.20705396825396827,234.62962962962962
19,CAUCA,19455,MIRANDA,"1,05",0.22989817415730338,258.46
05,ANTIOQUIA,05308,GIRARDOTA,"14,80",0.2120180810731992,226.22727272727272
23,CÓRDOBA,23182,CHINÚ,"5,79",0.2646156546156546,234.42857142857142
23,CÓRDOBA,23586,PURÍSIMA,"0,28",0.2646156546156546,182.0
08,ATLÁNTICO,08372,JUAN DE ACOSTA,"1,84",0.2301888,331.5
19,CAUCA,19473,MORALES,"0,37",0.22989817415730338,259.45
86,PUTUMAYO,86568,PUERTO ASÍS,"11,31",0.23961087866108785,257.9390243902439
73,TOLIMA,73270,FALAN,"1,74",0.23386718750000002,213.75
44,LA GUAJIRA,44560,MANAURE,"0,68",0.31803024846957145,198.33333333333334
73,TOLIMA,73555,PLANADAS,"2,08",0.23386718750000002,237.5
05,ANTIOQUIA,05665,SAN PEDRO DE URABA,"3,66",0.2120180810731992,221.41666666666666
05,ANTIOQUIA,05002,ABEJORRAL,"5,09",0.2120180810731992,227.0
54,NORTE DE SANTANDER,54720,SARDINATA,"0,33",0.26416399286987524,280.45454545454544
19,CAUCA,19585,PURACÉ,"0,40",0.22989817415730338,282.42857142857144
15,BOYACÁ,15469,MONIQUIRÁ,"1,64",0.21142715559960357,277.8253968253968
20,CESAR,20011,AGUACHICA,"8,27",0.261579879560751,255.77777777777777
73,TOLIMA,73319,GUAMO,"5,10",0.23386718750000002,274.2307692307692
47,MAGDALENA,47555,PLATO,"2,53",0.2781801670904468,243.2
19,CAUCA,19785,SUCRE,"0,19",0.22989817415730338,251.55555555555554
17,CALDAS,17541,PENSILVANIA,"5,17",0.20705396825396827,296.22222222222223
68,SANTANDER,68385,LANDÁZURI,"1,48",0.20767434317223482,283.3333333333333
15,BOYACÁ,15542,PESCA,"2,82",0.21142715559960357,267.42857142857144
68,SANTANDER,68271,FLORIÁN,"1,28",0.20767434317223482,285.1
05,ANTIOQUIA,05145,CARAMANTA,"5,48",0.2120180810731992,209.0
15,BOYACÁ,15632,SABOYÁ,"0,63",0.21142715559960357,263.23809523809524
44,LA GUAJIRA,44001,RIOHACHA,"11,59",0.31803024846957145,225.2995951417004
13,BOLÍVAR,13894,ZAMBRANO,"2,09",0.26594403345127055,204.5
08,ATLÁNTICO,08849,USIACURÍ,"0,06",0.2301888,238.0
15,BOYACÁ,15232,CHÍQUIZA,"0,56",0.21142715559960357,279.5
25,CUNDINAMARCA,25491,NOCAIMA,"2,72",0.19428256765261168,221.0
25,CUNDINAMARCA,25799,TENJO,"7,62",0.19428256765261168,286.2857142857143
41,HUILA,41885,YAGUARÁ,"1,72",0.22292018170019468,258.61538461538464
08,ATLÁNTICO,08606,REPELÓN,"2,04",0.2301888,203.0
05,ANTIOQUIA,05030,AMAGÁ,"9,94",0.2120180810731992,240.75
15,BOYACÁ,15212,COPER,"2,18",0.21142715559960357,280.8333333333333
17,CALDAS,17665,SAN JOSÉ,"3,16",0.20705396825396827,299.0
73,TOLIMA,73275,FLANDES,"10,09",0.23386718750000002,225.96774193548387
41,HUILA,41770,SUAZA,"0,48",0.22292018170019468,282.962962962963
25,CUNDINAMARCA,25612,RICAURTE,"9,96",0.19428256765261168,237.875
47,MAGDALENA,47161,CERRO SAN ANTONIO,"0,08",0.2781801670904468,193.0
68,SANTANDER,68318,GUACA,"1,10",0.20767434317223482,257.0
73,TOLIMA,73547,PIEDRAS,"3,26",0.23386718750000002,245.5
05,ANTIOQUIA,05885,YALÍ,"12,47",0.2120180810731992,243.5
23,CÓRDOBA,23682,SAN JOSÉ DE URÉ,"0,10",0.2646156546156546,217.11111111111111
20,CESAR,20032,ASTREA,"0,29",0.261579879560751,226.4
70,SUCRE,70230,CHALÁN,"0,13",0.2775482487491065,184.2
81,ARAUCA,81001,ARAUCA,"7,99",0.24664762741652022,247.95604395604394
52,NARIÑO,52835,TUMACO - SAN ANDRES DE TUMACO,"1,66",0.254,237.41346153846155
05,ANTIOQUIA,05101,CIUDAD BOLÍVAR,"7,96",0.2120180810731992,238.0
20,CESAR,20383,LA GLORIA,"0,13",0.261579879560751,245.33333333333334
25,CUNDINAMARCA,25745,SIMIJACA,"5,24",0.19428256765261168,252.78571428571428
95,GUAVIARE,95025,EL RETORNO,"0,25",0.24602860748843083,245.0
73,TOLIMA,73067,ATACO,"1,50",0.23386718750000002,250.66666666666666
52,NARIÑO,52227,CUMBAL,"0,60",0.254,271.1118881118881
52,NARIÑO,52699,SANTACRUZ,"0,57",0.254,286.875
52,NARIÑO,52215,CÓRDOBA,"1,14",0.254,267.17543859649123
54,NORTE DE SANTANDER,54871,VILLA CARO,"0,58",0.26416399286987524,253.33333333333334
50,META,50590,PUERTO RICO,"2,10",0.21401589825119238,261.0
54,NORTE DE SANTANDER,54206,CONVENCIÓN,"1,74",0.26416399286987524,313.6666666666667
20,CESAR,20750,SAN DIEGO,"0,09",0.261579879560751,202.75
73,TOLIMA,73124,CAJAMARCA,"2,15",0.23386718750000002,269.45454545454544
54,NORTE DE SANTANDER,54418,LOURDES,"2,45",0.26416399286987524,244.33333333333334
73,TOLIMA,73024,ALPUJARRA,"4,29",0.23386718750000002,169.0
15,BOYACÁ,15720,SATIVANORTE,"2,48",0.21142715559960357,211.0
19,CAUCA,19743,SILVIA,"0,31",0.22989817415730338,271.2439024390244
54,NORTE DE SANTANDER,54377,LABATECA,"1,08",0.26416399286987524,293.0
70,SUCRE,70400,LA UNIÓN,"0,19",0.2775482487491065,252.66666666666666
25,CUNDINAMARCA,25320,GUADUAS,"4,79",0.19428256765261168,251.9090909090909
15,BOYACÁ,15476,MOTAVITA,"0,97",0.21142715559960357,296.0
19,CAUCA,19807,TIMBÍO,"3,46",0.22989817415730338,284.7162162162162
52,NARIÑO,52411,LINARES,"1,17",0.254,282.4
73,TOLIMA,73504,ORTEGA,"0,89",0.23386718750000002,263.3333333333333
68,SANTANDER,68500,OIBA,"0,95",0.20767434317223482,272.0833333333333
54,NORTE DE SANTANDER,54518,PAMPLONA,"11,76",0.26416399286987524,276.2705882352941
08,ATLÁNTICO,08638,SABANALARGA,"4,10",0.2301888,248.875
05,ANTIOQUIA,05190,CISNEROS,"14,16",0.2120180810731992,192.0
41,HUILA,41306,GIGANTE,"4,11",0.22292018170019468,257.3095238095238
52,NARIÑO,52786,TAMINANGO,"0,83",0.254,288.5125
15,BOYACÁ,15837,TUTA,"3,36",0.21142715559960357,294.3181818181818
91,AMAZONAS,91540,PUERTO NARIÑO,"0,10",0.25404312668463613,267.0
15,BOYACÁ,15480,MUZO,"3,07",0.21142715559960357,290.75
19,CAUCA,19212,CORINTO,"0,13",0.22989817415730338,299.75
76,VALLE DEL CAUCA,76497,OBANDO,"6,38",0.19479325699745548,290.2857142857143
13,BOLÍVAR,13052,ARJONA,"4,58",0.26594403345127055,234.9
15,BOYACÁ,15638,SÁCHICA,"2,48",0.21142715559960357,278.0
05,ANTIOQUIA,05001,MEDELLÍN,"24,42",0.2120180810731992,256.24231242312425
25,CUNDINAMARCA,25372,JUNÍN,"1,27",0.19428256765261168,241.0
15,BOYACÁ,15660,SAN EDUARDO,"2,65",0.21142715559960357,285.0
73,TOLIMA,73563,PRADO,"2,99",0.23386718750000002,250.55555555555554
76,VALLE DEL CAUCA,76054,ARGELIA,"4,34",0.19479325699745548,273.5
52,NARIÑO,52540,POLICARPA,"0,17",0.254,262.47058823529414
25,CUNDINAMARCA,25645,SAN ANTONIO DEL TEQUENDAMA,"0,68",0.19428256765261168,268.22222222222223
17,CALDAS,17388,LA MERCED,"2,03",0.20705396825396827,290.0
68,SANTANDER,68121,CABRERA,"1,39",0.20767434317223482,272.5
25,CUNDINAMARCA,25154,CARMEN DE CARUPA,"1,21",0.19428256765261168,235.0
20,CESAR,20517,PAILITAS,"0,84",0.261579879560751,221.61764705882354
25,CUNDINAMARCA,25279,FOMEQUE,"2,12",0.19428256765261168,226.5
25,CUNDINAMARCA,25322,GUASCA,"5,12",0.19428256765261168,270.9230769230769
25,CUNDINAMARCA,25845,UNE,"3,74",0.19428256765261168,258.0
08,ATLÁNTICO,08573,PUERTO COLOMBIA,"55,16",0.2301888,300.8636363636364
13,BOLÍVAR,13074,BARRANCO DE LOBA,"1,35",0.26594403345127055,221.0
68,SANTANDER,68464,MOGOTES,"1,95",0.20767434317223482,309.0
05,ANTIOQUIA,05607,RETIRO,"22,68",0.2120180810731992,244.25
13,BOLÍVAR,13647,SAN ESTANISLAO,"0,92",0.26594403345127055,297.6666666666667
70,SUCRE,70508,OVEJAS,"2,85",0.2775482487491065,260.55555555555554
15,BOYACÁ,15511,PACHAVITA,"1,22",0.21142715559960357,281.6666666666667
73,TOLIMA,73055,ARMERO,"6,10",0.23386718750000002,246.0
23,CÓRDOBA,23168,CHIMÁ,"0,34",0.2646156546156546,218.5
13,BOLÍVAR,13030,ALTOS DEL ROSARIO,"1,38",0.26594403345127055,205.5
76,VALLE DEL CAUCA,76126,CALIMA,"3,47",0.19479325699745548,272.1818181818182
05,ANTIOQUIA,05679,SANTA BÁRBARA,"7,24",0.2120180810731992,220.33333333333334
13,BOLÍVAR,13244,EL CARMEN DE BOLÍVAR,"3,91",0.26594403345127055,234.26666666666668
41,HUILA,41026,ALTAMIRA,"0,96",0.22292018170019468,275.8888888888889
85,CASANARE,85225,NUNCHÍA,"1,18",0.21921489275596923,279.4
94,GUAINÍA,94343,BARRANCOMINAS,"0,02",0.3276698262243286,172.0
15,BOYACÁ,15296,GAMEZA,"1,81",0.21142715559960357,286.4
15,BOYACÁ,15276,FLORESTA,"2,66",0.21142715559960357,291.9
54,NORTE DE SANTANDER,54520,PAMPLONITA,"0,70",0.26416399286987524,254.5
15,BOYACÁ,15879,VIRACACHÁ,"0,88",0.21142715559960357,274.0
70,SUCRE,70713,SAN ONOFRE,"1,07",0.2775482487491065,261.5
85,CASANARE,85410,TAURAMENA,"5,66",0.21921489275596923,271.13793103448273
41,HUILA,41378,LA ARGENTINA,"3,10",0.22292018170019468,282.48
52,NARIÑO,52720,SAPUYES,"0,72",0.254,290.57575757575756
17,CALDAS,17013,AGUADAS,"3,39",0.20705396825396827,313.7142857142857
68,SANTANDER,68092,BETULIA,"1,21",0.20767434317223482,201.76923076923077
73,TOLIMA,73408,LÉRIDA,"6,47",0.23386718750000002,266.14285714285717
76,VALLE DEL CAUCA,76606,RESTREPO,"1,57",0.19479325699745548,289.1818181818182
68,SANTANDER,68169,CHARTA,"1,73",0.20767434317223482,297.3333333333333
19,CAUCA,19533,PIAMONTE,"0,56",0.22989817415730338,273.8888888888889
52,NARIÑO,52323,GUALMATÁN,"1,52",0.254,314.2258064516129
68,SANTANDER,68686,SAN MIGUEL,"1,98",0.20767434317223482,315.0
68,SANTANDER,68872,VILLANUEVA,"2,35",0.20767434317223482,314.57142857142856
18,CAQUETA,18860,VALPARAÍSO,"0,46",0.24688277668631303,255.4
25,CUNDINAMARCA,25841,UBAQUE,"2,45",0.19428256765261168,272.0
68,SANTANDER,68432,MÁLAGA,"6,90",0.20767434317223482,288.05555555555554
47,MAGDALENA,47245,EL BANCO,"2,62",0.2781801670904468,244.0
68,SANTANDER,68895,ZAPATOCA,"3,19",0.20767434317223482,245.5
25,CUNDINAMARCA,25040,ANOLAIMA,"3,23",0.19428256765261168,266.0
76,VALLE DEL CAUCA,76243,EL ÁGUILA,"2,67",0.19479325699745548,259.0
68,SANTANDER,68296,GALÁN,"2,39",0.20767434317223482,357.0
68,SANTANDER,68101,BOLÍVAR,"0,78",0.20767434317223482,315.85714285714283
18,CAQUETA,18610,SAN JOSÉ DEL FRAGUA,"0,13",0.24688277668631303,214.5
76,VALLE DEL CAUCA,76233,DAGUA,"8,12",0.19479325699745548,236.58333333333334
25,CUNDINAMARCA,25307,GIRARDOT,"18,62",0.19428256765261168,252.28571428571428
73,TOLIMA,73686,SANTA ISABEL,"2,62",0.23386718750000002,250.5
85,CASANARE,85001,YOPAL,"13,51",0.21921489275596923,269.0173913043478
52,NARIÑO,52490,OLAYA HERRERA,"0,06",0.254,270.5
73,TOLIMA,73443,MARIQUITA - SAN SEBASTIÁN DE MARIQUITA,"6,96",0.23386718750000002,252.14893617021278
68,SANTANDER,68549,PINCHOTE,"12,59",0.20767434317223482,300.0
50,META,50270,EL DORADO,"2,60",0.21401589825119238,267.0
86,PUTUMAYO,86757,SAN MIGUEL,"0,18",0.23961087866108785,280.8333333333333
50,META,50450,PUERTO CONCORDIA,"2,72",0.21401589825119238,221.4
76,VALLE DEL CAUCA,76130,CANDELARIA,"9,29",0.19479325699745548,274.27868852459017
25,CUNDINAMARCA,25438,MEDINA,"3,11",0.19428256765261168,275.44444444444446
95,GUAVIARE,95015,CALAMAR,"2,55",0.24602860748843083,188.0
73,TOLIMA,73770,SUÁREZ,"2,70",0.23386718750000002,224.0
73,TOLIMA,73861,VENADILLO,"5,52",0.23386718750000002,255.73333333333332
68,SANTANDER,68533,PÁRAMO,"1,10",0.20767434317223482,296.5
73,TOLIMA,73349,HONDA,"11,27",0.23386718750000002,249.8421052631579
41,HUILA,41799,TELLO,"0,53",0.22292018170019468,261.0
20,CESAR,20570,PUEBLO BELLO,"0,07",0.261579879560751,282.85714285714283
18,CAQUETA,18410,LA MONTAÑITA,"0,79",0.24688277668631303,235.7
05,ANTIOQUIA,05604,REMEDIOS,"6,40",0.2120180810731992,284.25
27,CHOCÓ,27491,NÓVITA,"0,33",0.3020449521002211,244.0
52,NARIÑO,52352,ILES,"1,29",0.254,284.1875
15,BOYACÁ,15757,SOCHA,"3,53",0.21142715559960357,290.7692307692308
50,META,50606,RESTREPO,"6,29",0.21401589825119238,273.27272727272725
20,CESAR,20060,BOSCONIA,"6,75",0.261579879560751,230.0
20,CESAR,20228,CURUMANÍ,"0,30",0.261579879560751,246.47619047619048
15,BOYACÁ,15580,QUÍPAMA,"2,09",0.21142715559960357,250.6
05,ANTIOQUIA,05129,CALDAS,"21,63",0.2120180810731992,238.06060606060606
73,TOLIMA,73168,CHAPARRAL,"6,49",0.23386718750000002,265.38461538461536
05,ANTIOQUIA,05368,JERICÓ,"8,20",0.2120180810731992,250.0
19,CAUCA,19573,PUERTO TEJADA,"7,46",0.22989817415730338,251.59405940594058
15,BOYACÁ,15272,FIRAVITOBA,"2,90",0.21142715559960357,292.3809523809524
13,BOLÍVAR,13836,TURBACO,"8,27",0.26594403345127055,234.875
27,CHOCÓ,27205,CONDOTO,"3,32",0.3020449521002211,206.0
23,CÓRDOBA,23001,MONTERÍA,"11,02",0.2646156546156546,251.86222222222221
54,NORTE DE SANTANDER,54250,EL TARRA,"3,48",0.26416399286987524,245.2
19,CAUCA,19392,LA SIERRA,"0,28",0.22989817415730338,261.0
19,CAUCA,19100,BOLÍVAR,"0,34",0.22989817415730338,295.135593220339
41,HUILA,41244,ELÍAS,"0,21",0.22292018170019468,314.75
52,NARIÑO,52694,SAN PEDRO DE CARTAGO,"0,75",0.254,264.40909090909093
73,TOLIMA,73200,COELLO,"1,92",0.23386718750000002,256.5
68,SANTANDER,68444,MATANZA,"1,87",0.20767434317223482,322.25
05,ANTIOQUIA,05647,SAN ANDRÉS DE CUERQUÍA,"5,51",0.2120180810731992,206.0
17,CALDAS,17653,SALAMINA,"4,37",0.20705396825396827,256.8
76,VALLE DEL CAUCA,76890,YOTOCO,"7,61",0.19479325699745548,261.35
54,NORTE DE SANTANDER,54670,SAN CALIXTO,"1,21",0.26416399286987524,215.0
25,CUNDINAMARCA,25867,VIANÍ,"1,73",0.19428256765261168,207.0
52,NARIÑO,52224,CUASPUD CARLOSAMA,"2,15",0.254,273.0833333333333
05,ANTIOQUIA,05142,CARACOLÍ,"5,85",0.2120180810731992,205.0
25,CUNDINAMARCA,25326,GUATAVITA,"4,92",0.19428256765261168,343.0
68,SANTANDER,68867,VETAS,"1,23",0.20767434317223482,315.0
15,BOYACÁ,15774,SUSACÓN,"1,51",0.21142715559960357,296.5
15,BOYACÁ,15001,TUNJA,"23,94",0.21142715559960357,292.8921832884097
25,CUNDINAMARCA,25473,MOSQUERA,"22,53",0.19428256765261168,266.6015037593985
13,BOLÍVAR,13001,CARTAGENA,"15,48",0.26594403345127055,252.61051212938006
68,SANTANDER,68468,MOLAGAVITA,"0,92",0.20767434317223482,294.6
50,META,50124,CABUYARO,"3,40",0.21401589825119238,196.33333333333334
63,QUINDÍO,63130,CALARCA,"13,03",0.20098887515451175,263.3968253968254
52,NARIÑO,52838,TÚQUERRES,"3,06",0.254,281.7751196172249
19,CAUCA,19513,PADILLA,"0,30",0.22989817415730338,302.85714285714283
41,HUILA,41548,PITAL,"2,09",0.22292018170019468,286.1923076923077
19,CAUCA,19110,BUENOS AIRES,"0,22",0.22989817415730338,238.5
11,BOGOTÁ D.C.,11001,"BOGOTÁ, D.C.","25,31",0.1587797311271975,288.6242687747036
05,ANTIOQUIA,05045,APARTADÓ,"14,34",0.2120180810731992,222.29752066115702
25,CUNDINAMARCA,25386,LA MESA,"7,18",0.19428256765261168,241.0625
44,LA GUAJIRA,44430,MAICAO,"5,50",0.31803024846957145,251.12359550561797
70,SUCRE,70678,SAN BENITO ABAD,"0,07",0.2775482487491065,223.75
20,CESAR,20001,VALLEDUPAR,"13,81",0.261579879560751,247.75583482944344
13,BOLÍVAR,13006,ACHÍ,"0,87",0.26594403345127055,204.0
54,NORTE DE SANTANDER,54820,TOLEDO,"0,57",0.26416399286987524,288.8333333333333
52,NARIÑO,52233,CUMBITARA,"0,12",0.254,296.3333333333333
47,MAGDALENA,47980,ZONA BANANERA,"0,38",0.2781801670904468,221.6
73,TOLIMA,73616,RIOBLANCO,"1,02",0.23386718750000002,262.6666666666667
25,CUNDINAMARCA,25394,LA PALMA,"2,68",0.19428256765261168,220.0
15,BOYACÁ,15676,SAN MIGUEL DE SEMA,"1,13",0.21142715559960357,343.5
19,CAUCA,19809,TIMBIQUÍ,"0,06",0.22989817415730338,296.0
27,CHOCÓ,27050,ATRATO,"0,40",0.3020449521002211,192.0
70,SUCRE,70235,GALERAS,"0,13",0.2775482487491065,237.66666666666666
52,NARIÑO,52320,GUAITARILLA,"2,21",0.254,297.9375
66,RISARALDA,66088,BELÉN DE UMBRÍA,"3,70",0.19642344870595574,258.85714285714283
54,NORTE DE SANTANDER,54743,SILOS,"0,84",0.26416399286987524,236.33333333333334
76,VALLE DEL CAUCA,76364,JAMUNDÍ,"17,37",0.19479325699745548,282.8816568047337
15,BOYACÁ,15686,SANTANA,"7,47",0.21142715559960357,283.3333333333333
17,CALDAS,17616,RISARALDA,"2,77",0.20705396825396827,282.2
52,NARIÑO,52022,ALDANA,"1,49",0.254,296.85714285714283
73,TOLIMA,73026,ALVARADO,"2,78",0.23386718750000002,267.0
05,ANTIOQUIA,05051,ARBOLETES,"3,72",0.2120180810731992,242.33333333333334
99,VICHADA,99524,LA PRIMAVERA,"0,34",0.29431394692264257,212.66666666666666
41,HUILA,41013,AGRADO,"0,82",0.22292018170019468,287.09090909090907
54,NORTE DE SANTANDER,54174,CHITAGÁ,"0,84",0.26416399286987524,283.0
25,CUNDINAMARCA,25899,ZIPAQUIRÁ,"17,31",0.19428256765261168,260.36416184971097
08,ATLÁNTICO,08296,GALAPA,"35,05",0.2301888,256.0625
05,ANTIOQUIA,05660,SAN LUIS,"6,36",0.2120180810731992,221.33333333333334
76,VALLE DEL CAUCA,76616,RIOFRÍO,"1,53",0.19479325699745548,250.4
05,ANTIOQUIA,05031,AMALFI,"5,90",0.2120180810731992,256.0
15,BOYACÁ,15740,SIACHOQUE,"1,01",0.21142715559960357,298.35
68,SANTANDER,68368,JESÚS MARÍA,"0,99",0.20767434317223482,310.3333333333333
68,SANTANDER,68522,PALMAR,"2,57",0.20767434317223482,298.0
13,BOLÍVAR,13140,CALAMAR,"2,73",0.26594403345127055,235.42857142857142
15,BOYACÁ,15897,ZETAQUIRA,"1,51",0.21142715559960357,280.875
25,CUNDINAMARCA,25402,LA VEGA,"5,26",0.19428256765261168,226.9090909090909
15,BOYACÁ,15822,TOTA,"1,22",0.21142715559960357,272.6666666666667
68,SANTANDER,68079,BARICHARA,"6,08",0.20767434317223482,288.3636363636364
68,SANTANDER,68861,VÉLEZ,"2,11",0.20767434317223482,295.3076923076923
05,ANTIOQUIA,05138,CAÑASGORDAS,"4,74",0.2120180810731992,303.0
44,LA GUAJIRA,44420,LA JAGUA DEL PILAR,"0,17",0.31803024846957145,187.75
68,SANTANDER,68498,OCAMONTE,"0,81",0.20767434317223482,332.3333333333333
25,CUNDINAMARCA,25245,EL COLEGIO,"8,29",0.19428256765261168,256.3
05,ANTIOQUIA,05212,COPACABANA,"23,09",0.2120180810731992,246.63636363636363
15,BOYACÁ,15131,CALDAS,"0,95",0.21142715559960357,272.5
88,"ARCHIPIÉLAGO DE SAN ANDRÉS, PROVIDENCIA Y SANTA CATALINA",88564,PROVIDENCIA,"1,67",0.163456,230.0
05,ANTIOQUIA,05656,SAN JERÓNIMO,"8,21",0.2120180810731992,258.5
15,BOYACÁ,15533,PAYA,"1,47",0.21142715559960357,249.0
18,CAQUETA,18150,CARTAGENA DEL CHAIRÁ,"0,07",0.24688277668631303,234.0
52,NARIÑO,52254,EL PEÑOL,"0,85",0.254,272.7916666666667
52,NARIÑO,52506,OSPINA,"2,14",0.254,293.9166666666667
19,CAUCA,19137,CALDONO,"0,32",0.22989817415730338,258.05
08,ATLÁNTICO,08832,TUBARÁ,"0,21",0.2301888,231.0
68,SANTANDER,68077,BARBOSA,"7,27",0.20767434317223482,291.84285714285716
68,SANTANDER,68217,COROMORO,"1,02",0.20767434317223482,321.0
19,CAUCA,19824,TOTORÓ,"0,21",0.22989817415730338,237.0
50,META,50318,GUAMAL,"2,77",0.21401589825119238,244.0
25,CUNDINAMARCA,25530,PARATEBUENO,"3,99",0.19428256765261168,236.75
63,QUINDÍO,63111,BUENAVISTA,"2,23",0.20098887515451175,251.5
05,ANTIOQUIA,05044,ANZA,"2,30",0.2120180810731992,236.0
41,HUILA,41001,NEIVA,"21,52",0.22292018170019468,286.1964171465131
50,META,50568,PUERTO GAITÁN,"2,68",0.21401589825119238,234.83333333333334
18,CAQUETA,18001,FLORENCIA,"11,36",0.24688277668631303,254.85472972972974
52,NARIÑO,52203,COLÓN,"1,99",0.254,305.8666666666667
44,LA GUAJIRA,44847,URIBIA,"0,63",0.31803024846957145,201.2093023255814
76,VALLE DEL CAUCA,76306,GINEBRA,"2,17",0.19479325699745548,266.0
15,BOYACÁ,15325,GUAYATÁ,"2,41",0.21142715559960357,275.0
13,BOLÍVAR,13248,EL GUAMO,"1,03",0.26594403345127055,268.0
52,NARIÑO,52260,EL TAMBO,"1,16",0.254,255.8780487804878
41,HUILA,41349,HOBO,"0,54",0.22292018170019468,249.0
68,SANTANDER,68720,SANTA HELENA DEL OPÓN,"0,89",0.20767434317223482,245.0
19,CAUCA,19548,PIENDAMÓ - TUNÍA,"4,39",0.22989817415730338,286.57142857142856
17,CALDAS,17873,VILLAMARÍA,"16,28",0.20705396825396827,304.6901408450704
15,BOYACÁ,15368,JERICÓ,"1,04",0.21142715559960357,321.0
50,META,50577,PUERTO LLERAS,"1,49",0.21401589825119238,248.5
52,NARIÑO,52210,CONTADERO,"0,88",0.254,317.1875
86,PUTUMAYO,86569,PUERTO CAICEDO,"0,19",0.23961087866108785,284.61538461538464
13,BOLÍVAR,13160,CANTAGALLO,"1,94",0.26594403345127055,250.25
85,CASANARE,85162,MONTERREY,"1,87",0.21921489275596923,267.05
15,BOYACÁ,15097,BOAVITA,"3,08",0.21142715559960357,272.375
05,ANTIOQUIA,05380,LA ESTRELLA,"23,64",0.2120180810731992,265.4375
15,BOYACÁ,15051,ARCABUCO,"2,06",0.21142715559960357,283.7368421052632
15,BOYACÁ,15646,SAMACÁ,"2,08",0.21142715559960357,279.47727272727275
70,SUCRE,70708,SAN MARCOS,"1,96",0.2775482487491065,237.125
50,META,50245,EL CALVARIO,"1,86",0.21401589825119238,262.5
68,SANTANDER,68655,SABANA DE TORRES,"3,94",0.20767434317223482,268.56666666666666
25,CUNDINAMARCA,25839,UBALÁ,"1,31",0.19428256765261168,276.6666666666667
68,SANTANDER,68179,CHIPATÁ,"0,73",0.20767434317223482,302.3333333333333
25,CUNDINAMARCA,25317,GUACHETÁ,"2,08",0.19428256765261168,294.5
41,HUILA,41807,TIMANÁ,"0,34",0.22292018170019468,301.1111111111111
68,SANTANDER,68820,TONA,"1,02",0.20767434317223482,321.0
54,NORTE DE SANTANDER,54874,VILLA DEL ROSARIO,"10,24",0.26416399286987524,266.9550561797753
54,NORTE DE SANTANDER,54344,HACARÍ,"0,26",0.26416399286987524,223.0
54,NORTE DE SANTANDER,54099,BOCHALEMA,"0,20",0.26416399286987524,256.2
15,BOYACÁ,15204,CÓMBITA,"1,35",0.21142715559960357,292.6666666666667
27,CHOCÓ,27450,MEDIO SAN JUAN,"0,26",0.3020449521002211,198.0
05,ANTIOQUIA,05642,SALGAR,"4,48",0.2120180810731992,215.375
41,HUILA,41396,LA PLATA,"3,19",0.22292018170019468,269.75
27,CHOCÓ,27250,EL LITORAL DEL SAN JUAN,"0,19",0.3020449521002211,204.0
05,ANTIOQUIA,05895,ZARAGOZA,"5,06",0.2120180810731992,188.0
50,META,50400,LEJANÍAS,"1,63",0.21401589825119238,253.92307692307693
25,CUNDINAMARCA,25524,PANDI,"3,18",0.19428256765261168,249.5
54,NORTE DE SANTANDER,54673,SAN CAYETANO,"0,54",0.26416399286987524,238.0
25,CUNDINAMARCA,25878,VIOTÁ,"1,59",0.19428256765261168,221.4
13,BOLÍVAR,13673,SANTA CATALINA,"3,93",0.26594403345127055,234.8
05,ANTIOQUIA,05107,BRICEÑO,"4,44",0.2120180810731992,240.0
54,NORTE DE SANTANDER,54172,CHINÁCOTA,"4,45",0.26416399286987524,290.3636363636364
05,ANTIOQUIA,05315,GUADALUPE,"6,10",0.2120180810731992,246.0
15,BOYACÁ,15092,BETÉITIVA,"1,07",0.21142715559960357,291.3333333333333
41,HUILA,41551,PITALITO,"10,05",0.22292018170019468,279.7943548387097
25,CUNDINAMARCA,25594,QUETAME,"3,55",0.19428256765261168,269.6666666666667
05,ANTIOQUIA,05591,PUERTO TRIUNFO,"9,88",0.2120180810731992,230.35714285714286
50,META,50226,CUMARAL,"6,43",0.21401589825119238,258.1
73,TOLIMA,73520,PALOCABILDO,"1,43",0.23386718750000002,244.57142857142858
08,ATLÁNTICO,08634,SABANAGRANDE,"4,68",0.2301888,241.0
73,TOLIMA,73268,ESPINAL,"14,67",0.23386718750000002,255.52307692307693
86,PUTUMAYO,86865,VALLE DEL GUAMUEZ,"1,82",0.23961087866108785,273.92857142857144
25,CUNDINAMARCA,25175,CHÍA,"26,02",0.19428256765261168,288.9676724137931
76,VALLE DEL CAUCA,76403,LA VICTORIA,"6,53",0.19479325699745548,270.2
05,ANTIOQUIA,05490,NECOCLÍ,"3,58",0.2120180810731992,211.71428571428572
05,ANTIOQUIA,05088,BELLO,"20,21",0.2120180810731992,246.06306306306305
23,CÓRDOBA,23090,CANALETE,"0,49",0.2646156546156546,257.3333333333333
05,ANTIOQUIA,05364,JARDÍN,"9,04",0.2120180810731992,243.0
76,VALLE DEL CAUCA,76520,PALMIRA,"17,39",0.19479325699745548,274.80611270296083
70,SUCRE,70717,SAN PEDRO,"0,07",0.2775482487491065,233.25
73,TOLIMA,73873,VILLARRICA,"2,48",0.23386718750000002,369.0
52,NARIÑO,52354,IMUÉS,"2,09",0.254,301.53846153846155
15,BOYACÁ,15162,CERINZA,"2,77",0.21142715559960357,281.9166666666667
05,ANTIOQUIA,05659,SAN JUAN DE URABÁ,"2,61",0.2120180810731992,211.5
20,CESAR,20175,CHIMICHAGUA,"0,14",0.261579879560751,241.9
23,CÓRDOBA,23419,LOS CÓRDOBAS,"0,62",0.2646156546156546,165.0
20,CESAR,20178,CHIRIGUANÁ,"1,30",0.261579879560751,214.21875
19,CAUCA,19355,INZÁ,"0,48",0.22989817415730338,285.6
13,BOLÍVAR,13654,SAN JACINTO,"4,84",0.26594403345127055,323.0
05,ANTIOQUIA,05585,PUERTO NARE,"7,51",0.2120180810731992,196.25
85,CASANARE,85136,LA SALINA,"3,32",0.21921489275596923,244.0
25,CUNDINAMARCA,25817,TOCANCIPÁ,"13,85",0.19428256765261168,262.61764705882354
25,CUNDINAMARCA,25181,CHOACHÍ,"1,88",0.19428256765261168,253.7
15,BOYACÁ,15667,SAN LUIS DE GACENO,"2,18",0.21142715559960357,259.0
05,ANTIOQUIA,05475,MURINDÓ,"1,93",0.2120180810731992,180.0
81,ARAUCA,81736,SARAVENA,"4,23",0.24664762741652022,267.484375
54,NORTE DE SANTANDER,54261,EL ZULIA,"1,55",0.26416399286987524,229.375
05,ANTIOQUIA,05093,BETULIA,"4,50",0.2120180810731992,212.0
52,NARIÑO,52685,SAN BERNARDO,"1,47",0.254,304.6111111111111
05,ANTIOQUIA,05652,SAN FRANCISCO,"3,84",0.2120180810731992,274.5
66,RISARALDA,66682,SANTA ROSA DE CABAL,"14,04",0.19642344870595574,265.72151898734177
15,BOYACÁ,15464,MONGUA,"2,35",0.21142715559960357,290.375
15,BOYACÁ,15180,CHISCAS,"2,33",0.21142715559960357,260.6666666666667
54,NORTE DE SANTANDER,54498,OCAÑA,"8,17",0.26416399286987524,273.1711229946524
15,BOYACÁ,15109,BUENAVISTA,"0,82",0.21142715559960357,269.6666666666667
18,CAQUETA,18094,BELÉN DE LOS ANDAQUÍES,"0,33",0.24688277668631303,238.83333333333334
15,BOYACÁ,15798,TENZA,"2,67",0.21142715559960357,319.0
27,CHOCÓ,27135,EL CANTÓN DEL SAN PABLO,"0,26",0.3020449521002211,207.0
15,BOYACÁ,15407,VILLA DE LEYVA,"8,77",0.21142715559960357,278.1914893617021
52,NARIÑO,52378,LA CRUZ,"3,07",0.254,314.45
15,BOYACÁ,15816,TOGÜÍ,"0,92",0.21142715559960357,311.3333333333333
86,PUTUMAYO,86885,VILLAGARZÓN,"1,19",0.23961087866108785,269.81481481481484
52,NARIÑO,52083,BELÉN,"1,72",0.254,293.51162790697674
15,BOYACÁ,15226,CUÍTIVA,"1,78",0.21142715559960357,292.0
25,CUNDINAMARCA,25328,GUAYABAL DE SIQUIMA,"1,89",0.19428256765261168,273.5
76,VALLE DEL CAUCA,76622,ROLDANILLO,"11,40",0.19479325699745548,283.6734693877551
13,BOLÍVAR,13873,VILLANUEVA,"2,32",0.26594403345127055,258.0
19,CAUCA,19001,POPAYÁN,"18,09",0.22989817415730338,285.79193400549957
15,BOYACÁ,15455,MIRAFLORES,"7,10",0.21142715559960357,297.04
17,CALDAS,17001,MANIZALES,"19,24",0.20705396825396827,302.97536394176933
05,ANTIOQUIA,05809,TITIRIBÍ,"4,55",0.2120180810731992,229.42857142857142
13,BOLÍVAR,13549,PINILLOS,"0,44",0.26594403345127055,223.0
44,LA GUAJIRA,44279,FONSECA,"7,34",0.31803024846957145,234.10714285714286
05,ANTIOQUIA,05440,MARINILLA,"11,96",0.2120180810731992,258.38461538461536
25,CUNDINAMARCA,25506,VENECIA,"1,52",0.19428256765261168,259.0
18,CAQUETA,18785,SOLITA,"0,16",0.24688277668631303,260.0
76,VALLE DEL CAUCA,76036,ANDALUCÍA,"8,66",0.19479325699745548,249.5
68,SANTANDER,68320,GUADALUPE,"1,66",0.20767434317223482,292.75
47,MAGDALENA,47551,PIVIJAY,"2,27",0.2781801670904468,205.0
50,META,50680,SAN CARLOS DE GUAROA,"2,61",0.21401589825119238,223.5
19,CAUCA,19075,BALBOA,"0,27",0.22989817415730338,281.6923076923077
76,VALLE DEL CAUCA,76845,ULLOA,"6,50",0.19479325699745548,290.0
15,BOYACÁ,15090,BERBEO,"2,38",0.21142715559960357,260.6666666666667
41,HUILA,41020,ALGECIRAS,"0,08",0.22292018170019468,278.875
15,BOYACÁ,15332,GÜICÁN,"1,73",0.21142715559960357,297.0
17,CALDAS,17174,CHINCHINÁ,"13,45",0.20705396825396827,277.9166666666667
76,VALLE DEL CAUCA,76318,GUACARÍ,"7,88",0.19479325699745548,245.06451612903226
15,BOYACÁ,15755,SOCOTÁ,"0,86",0.21142715559960357,232.2941176470588
52,NARIÑO,52385,LA LLANADA,"0,32",0.254,290.26666666666665
66,RISARALDA,66075,BALBOA,"1,57",0.19642344870595574,270.5
08,ATLÁNTICO,08421,LURUACO,"2,60",0.2301888,256.0
19,CAUCA,19450,MERCADERES,"0,50",0.22989817415730338,309.42857142857144
68,SANTANDER,68377,LA BELLEZA,"1,06",0.20767434317223482,327.0
25,CUNDINAMARCA,25758,SOPÓ,"14,72",0.19428256765261168,292.4166666666667
15,BOYACÁ,15835,TURMEQUÉ,"3,30",0.21142715559960357,298.7
66,RISARALDA,66001,PEREIRA,"22,23",0.19642344870595574,290.00423131170663
15,BOYACÁ,15377,LABRANZAGRANDE,"2,01",0.21142715559960357,282.0
23,CÓRDOBA,23417,LORICA,"5,19",0.2646156546156546,231.0952380952381
68,SANTANDER,68190,CIMITARRA,"2,69",0.20767434317223482,274.3809523809524
15,BOYACÁ,15425,MACANAL,"1,77",0.21142715559960357,328.0
52,NARIÑO,52473,MOSQUERA,"0,17",0.254,261.0
85,CASANARE,85230,OROCUÉ,"0,11",0.21921489275596923,296.0
25,CUNDINAMARCA,25535,PASCA,"0,71",0.19428256765261168,255.0
23,CÓRDOBA,23189,CIÉNAGA DE ORO,"3,55",0.2646156546156546,245.75
05,ANTIOQUIA,05042,SANTAFÉ DE ANTIOQUIA,"10,64",0.2120180810731992,229.85714285714286
47,MAGDALENA,47170,CHIVOLO,"0,14",0.2781801670904468,223.25
17,CALDAS,17513,PÁCORA,"4,28",0.20705396825396827,282.5
25,CUNDINAMARCA,25430,MADRID,"18,01",0.19428256765261168,245.78832116788323
47,MAGDALENA,47288,FUNDACIÓN,"3,64",0.2781801670904468,232.6
70,SUCRE,70771,SUCRE,"0,21",0.2775482487491065,233.16666666666666
25,CUNDINAMARCA,25823,TOPAIPÍ,"0,82",0.19428256765261168,279.0
05,ANTIOQUIA,05120,CÁCERES,"2,96",0.2120180810731992,263.0
17,CALDAS,17380,LA DORADA,"11,21",0.20705396825396827,244.55084745762713
25,CUNDINAMARCA,25019,ALBÁN,"2,08",0.19428256765261168,227.2
25,CUNDINAMARCA,25513,PACHO,"2,81",0.19428256765261168,223.0
68,SANTANDER,68081,BARRANCABERMEJA,"16,96",0.20767434317223482,262.85714285714283
25,CUNDINAMARCA,25851,ÚTICA,"3,58",0.19428256765261168,247.0
47,MAGDALENA,47268,EL RETÉN,"0,50",0.2781801670904468,213.0
50,META,50683,SAN JUAN DE ARAMA,"2,11",0.21401589825119238,252.66666666666666
15,BOYACÁ,15223,CUBARÁ,"0,07",0.21142715559960357,209.0
20,CESAR,20550,PELAYA,"0,66",0.261579879560751,229.5
05,ANTIOQUIA,05353,HISPANIA,"9,29",0.2120180810731992,231.71428571428572
66,RISARALDA,66572,PUEBLO RICO,"0,61",0.19642344870595574,278.75
15,BOYACÁ,15183,CHITA,"1,54",0.21142715559960357,312.3333333333333
52,NARIÑO,52207,CONSACÁ,"0,67",0.254,295.96774193548384
17,CALDAS,17446,MARULANDA,"7,33",0.20705396825396827,304.0
52,NARIÑO,52399,LA UNIÓN,"1,40",0.254,286.80645161290323
41,HUILA,41078,BARAYA,"0,47",0.22292018170019468,281.4
15,BOYACÁ,15185,CHITARAQUE,"1,20",0.21142715559960357,286.6666666666667
05,ANTIOQUIA,05842,URAMITA,"3,51",0.2120180810731992,238.0
52,NARIÑO,52258,EL TABLÓN DE GÓMEZ,"0,44",0.254,293.6595744680851
05,ANTIOQUIA,05360,ITAGUI,"24,24",0.2120180810731992,252.9102564102564
25,CUNDINAMARCA,25653,SAN CAYETANO,"0,74",0.19428256765261168,250.8
73,TOLIMA,73585,PURIFICACIÓN,"6,15",0.23386718750000002,252.0
19,CAUCA,19760,SOTARÁ PAISPAMBA,"0,28",0.22989817415730338,274.5
68,SANTANDER,68327,GÜEPSA,"5,87",0.20767434317223482,322.0
25,CUNDINAMARCA,25260,EL ROSAL,"4,41",0.19428256765261168,261.5
52,NARIÑO,52788,TANGUA,"1,38",0.254,288.94117647058823
44,LA GUAJIRA,44078,BARRANCAS,"2,32",0.31803024846957145,230.45
73,TOLIMA,73449,MELGAR,"13,88",0.23386718750000002,258.52941176470586
50,META,50313,GRANADA,"6,68",0.21401589825119238,265.6304347826087
41,HUILA,41615,RIVERA,"1,39",0.22292018170019468,281.03636363636366
25,CUNDINAMARCA,25793,TAUSA,"1,26",0.19428256765261168,291.0
15,BOYACÁ,15494,NUEVO COLÓN,"2,11",0.21142715559960357,293.6666666666667
05,ANTIOQUIA,05756,SONSON,"7,03",0.2120180810731992,213.2
76,VALLE DEL CAUCA,76823,TORO,"5,89",0.19479325699745548,246.5
52,NARIÑO,52051,ARBOLEDA,"0,73",0.254,280.44444444444446
25,CUNDINAMARCA,25885,YACOPÍ,"1,61",0.19428256765261168,263.0
05,ANTIOQUIA,05034,ANDES,"7,20",0.2120180810731992,218.0
52,NARIÑO,52317,GUACHUCAL,"1,07",0.254,278.10526315789474
15,BOYACÁ,15507,OTANCHE,"2,48",0.21142715559960357,256.5
47,MAGDALENA,47745,SITIONUEVO,"0,05",0.2781801670904468,224.0
15,BOYACÁ,15804,TIBANÁ,"2,01",0.21142715559960357,289.55555555555554
13,BOLÍVAR,13838,TURBANÁ,"3,65",0.26594403345127055,188.0
54,NORTE DE SANTANDER,54480,MUTISCUA,"1,15",0.26416399286987524,218.66666666666666
15,BOYACÁ,15522,PANQUEBA,"1,69",0.21142715559960357,282.0
86,PUTUMAYO,86571,PUERTO GUZMÁN,"0,17",0.23961087866108785,269.0
13,BOLÍVAR,13683,SANTA ROSA,"3,17",0.26594403345127055,232.33333333333334
27,CHOCÓ,27800,UNGUÍA,"1,28",0.3020449521002211,266.0
41,HUILA,41524,PALERMO,"4,19",0.22292018170019468,272.97222222222223
81,ARAUCA,81300,FORTUL,"0,10",0.24664762741652022,262.57142857142856
25,CUNDINAMARCA,25368,JERUSALÉN,"2,15",0.19428256765261168,288.0
19,CAUCA,19693,SAN SEBASTIÁN,"0,33",0.22989817415730338,293.2
47,MAGDALENA,47960,ZAPAYÁN,"0,10",0.2781801670904468,197.0
05,ANTIOQUIA,05197,COCORNÁ,"4,47",0.2120180810731992,239.0
68,SANTANDER,68780,SURATÁ,"1,11",0.20767434317223482,277.0
23,CÓRDOBA,23466,MONTELÍBANO,"5,52",0.2646156546156546,222.94444444444446
08,ATLÁNTICO,08001,BARRANQUILLA,"15,81",0.2301888,286.6227450980392
19,CAUCA,19130,CAJIBÍO,"0,27",0.22989817415730338,269.82608695652175
63,QUINDÍO,63594,QUIMBAYA,"9,97",0.20098887515451175,272.8125
85,CASANARE,85263,PORE,"5,16",0.21921489275596923,257.25
25,CUNDINAMARCA,25224,CUCUNUBÁ,"0,84",0.19428256765261168,286.0
73,TOLIMA,73152,CASABIANCA,"2,01",0.23386718750000002,305.0
13,BOLÍVAR,13430,MAGANGUÉ,"5,65",0.26594403345127055,226.88888888888889
25,CUNDINAMARCA,25288,FÚQUENE,"0,65",0.19428256765261168,230.0
73,TOLIMA,73226,CUNDAY,"2,81",0.23386718750000002,291.6666666666667
63,QUINDÍO,63190,CIRCASIA,"12,94",0.20098887515451175,284.94444444444446
41,HUILA,41132,CAMPOALEGRE,"7,88",0.22292018170019468,271.3953488372093
15,BOYACÁ,15516,PAIPA,"9,94",0.21142715559960357,297.07339449541286
15,BOYACÁ,15500,OICATÁ,"2,23",0.21142715559960357,281.5
76,VALLE DEL CAUCA,76100,BOLÍVAR,"2,11",0.19479325699745548,318.5
54,NORTE DE SANTANDER,54405,LOS PATIOS,"13,11",0.26416399286987524,268.87012987012986
15,BOYACÁ,15776,SUTAMARCHÁN,"1,28",0.21142715559960357,250.7
25,CUNDINAMARCA,25736,SESQUILÉ,"5,97",0.19428256765261168,264.75
19,CAUCA,19517,PAEZ,"0,40",0.22989817415730338,276.0
19,CAUCA,19142,CALOTO,"0,41",0.22989817415730338,246.13333333333333
47,MAGDALENA,47605,REMOLINO,"0,07",0.2781801670904468,235.0
08,ATLÁNTICO,08758,SOLEDAD,"9,90",0.2301888,240.495
66,RISARALDA,66400,LA VIRGINIA,"13,81",0.19642344870595574,257.90909090909093
91,AMAZONAS,91001,LETICIA,"1,78",0.25404312668463613,259.54545454545456
66,RISARALDA,66456,MISTRATÓ,"1,07",0.19642344870595574,201.0
13,BOLÍVAR,13440,MARGARITA,"1,04",0.26594403345127055,255.0
54,NORTE DE SANTANDER,54051,ARBOLEDAS,"0,99",0.26416399286987524,231.0
15,BOYACÁ,15380,LA CAPILLA,"3,16",0.21142715559960357,283.6666666666667
27,CHOCÓ,27001,QUIBDÓ,"12,10",0.3020449521002211,212.64912280701753
17,CALDAS,17486,NEIRA,"3,48",0.20705396825396827,289.125
15,BOYACÁ,15403,LA UVITA,"3,10",0.21142715559960357,324.75
25,CUNDINAMARCA,25126,CAJICÁ,"23,01",0.19428256765261168,312.2352941176471
13,BOLÍVAR,13473,MORALES,"1,07",0.26594403345127055,296.3333333333333
63,QUINDÍO,63272,FILANDIA,"5,30",0.20098887515451175,267.75
05,ANTIOQUIA,05079,BARBOSA,"9,94",0.2120180810731992,241.0
18,CAQUETA,18753,SAN VICENTE DEL CAGUÁN,"6,55",0.24688277668631303,225.94736842105263
05,ANTIOQUIA,05147,CAREPA,"10,07",0.2120180810731992,226.3846153846154
15,BOYACÁ,15189,CIÉNEGA,"2,57",0.21142715559960357,280.6
70,SUCRE,70702,SAN JUAN DE BETULIA,"3,11",0.2775482487491065,234.33333333333334
73,TOLIMA,73347,HERVEO,"3,73",0.23386718750000002,297.0
25,CUNDINAMARCA,25398,LA PEÑA,"1,32",0.19428256765261168,334.0
19,CAUCA,19318,GUAPI,"0,09",0.22989817415730338,170.0
15,BOYACÁ,15176,CHIQUINQUIRÁ,"8,43",0.21142715559960357,278.015503875969
50,META,50006,ACACÍAS,"12,20",0.21401589825119238,250.59
68,SANTANDER,68266,ENCISO,"1,42",0.20767434317223482,288.0
20,CESAR,20443,MANAURE,"0,11",0.261579879560751,204.6
41,HUILA,41518,PAICOL,"2,43",0.22292018170019468,273.6
15,BOYACÁ,15861,VENTAQUEMADA,"1,48",0.21142715559960357,287.3529411764706
94,GUAINÍA,94001,INÍRIDA,"2,72",0.3276698262243286,223.34285714285716
25,CUNDINAMARCA,25875,VILLETA,"9,66",0.19428256765261168,240.5
20,CESAR,20621,LA PAZ,"3,71",0.261579879560751,217.84615384615384
73,TOLIMA,73283,FRESNO,"1,92",0.23386718750000002,289.92
